case_id,year,city,state
1,2015,EDEN PRAIRIE, CALIFORNIA
2,2015,NORMAN, OKLAHOMA
3,2015,SAN DIEGO, CALIFORNIA
4,2015,HOUSTON, TEXAS
5,2015,MCLEAN, VIRGINIA
6,2015,SIT, LOUISIANA
7,2015,PALO ALTO, CALIFORNIA
8,2015,MCLEAN, VIRGINIA
9,2015,PALO ALTO, CALIFORNIA
10,2015,SUWANEE, GEORGIA
11,2015,PALO ALTO, CALIFORNIA
12,2015,2 WORK, MAINE
13,2015,MIDDLETOWN, DELAWARE
14,2015,PALO ALTO, CALIFORNIA
15,2015,NORTH WALES, PENNSYLVANIA
16,2015,PALO ALTO, CALIFORNIA
17,2015,CYPRESS, CALIFORNIA
18,2015,RESTON, VIRGINIA
19,2015,HOUSTON, TEXAS
20,2015,ALBUQUERQUE, NEW MEXICO
21,2015,PASADENA, CALIFORNIA
22,2015,AGOURA HILLS, CALIFORNIA
23,2015,ENGLEWOOD, COLORADO
24,2015,VINELAND, NEW JERSEY
25,2015,CAMP HILL, PENNSYLVANIA
26,2015,CHICAGO, ILLINOIS
27,2015,MCLEAN, VIRGINIA
28,2015,MCLEAN, VIRGINIA
29,2015,AUBURN, NEW YORK
30,2015,BETHPAGE, NEW YORK
31,2015,SAN JOSE, CALIFORNIA
32,2015,TROY, MICHIGAN
33,2015,LONGMONT, COLORADO
34,2015,NASHVILLE, TENNESSEE
35,2015,COLUMBUS, OHIO
36,2015,JERSEY CITY, NEW JERSEY
37,2015,SUGAR LAND, TEXAS
38,2015,2 BARK, LOUISIANA
39,2015,CARBONDALE, ILLINOIS
40,2015,MONTEREY PARK, CALIFORNIA
41,2015,RALEIGH, NORTH CAROLINA
42,2015,BOCA RATON, FLORIDA
43,2015,PALO ALTO, CALIFORNIA
44,2015,IRVING, TEXAS
45,2015,PALO ALTO, CALIFORNIA
46,2015,PROSSER, WASHINGTON
47,2015,PASADENA, CALIFORNIA
48,2015,EL PASO, TEXAS
49,2015,BUFFALO, NEW YORK
50,2015,CHARLOTTE, NORTH CAROLINA
51,2015,LAREDO, TEXAS
52,2015,CORTE MADERA, CALIFORNIA
53,2015,OKLAHOMA CITY, OKLAHOMA
54,2015,ANN ARBOR, MICHIGAN
55,2015,WILMINGTON, DELAWARE
56,2015,CHANDLER, ARIZONA
57,2015,WASHINGTON, DISTRICT OF COLUMBIA
58,2015,SAN JOSE, CALIFORNIA
59,2015,REDWOOD CITY, CALIFORNIA
60,2015,STERLING, VIRGINIA
61,2015,PALO ALTO, CALIFORNIA
62,2015,TORRANCE, CALIFORNIA
63,2015,DENVER, COLORADO
64,2015,IOWA CITY, IOWA
65,2015,NEW BRUNSWICK, NEW JERSEY
66,2015,BUFFALO, NEW YORK
67,2015,CHARLOTTE, NORTH CAROLINA
68,2015,HOUSTON, TEXAS
69,2015,HOUSTON, TEXAS
70,2015,NEW YORK, NEW YORK
71,2015,PITTSBURGH, PENNSYLVANIA
72,2015,HOUSTON, TEXAS
73,2015,HOUSTON, TEXAS
74,2015,MCLEAN, VIRGINIA
75,2015,RESTON, VIRGINIA
76,2015,RICHARDSON, TEXAS
77,2015,MCLEAN, VIRGINIA
78,2015,MCLEAN, VIRGINIA
79,2015,BALTIMORE, MARYLAND
80,2015,ATLANTA, GEORGIA
81,2015,NEWARK, DELAWARE
82,2015,FORT WORTH, TEXAS
83,2015,DAVIE, FLORIDA
84,2015,WICHITA, KANSAS
85,2015,SUNNYVALE, CALIFORNIA
86,2015,NEW YORK, NEW YORK
87,2015,PALO ALTO, CALIFORNIA
88,2015,NEWARK, DELAWARE
89,2015,RESTON, VIRGINIA
90,2015,DALLAS, TEXAS
91,2015,NEW YORK, NEW YORK
92,2015,PLAINFIELD, ILLINOIS
93,2015,MCLEAN, VIRGINIA
94,2015,JERSEY CITY, NEW JERSEY
95,2015,MOUNT LAUREL, NEW JERSEY
96,2015,HOUSTON, TEXAS
97,2015,MCLEAN, VIRGINIA
98,2015,PARSIPPANY, NEW JERSEY
99,2015,BARTLESVILLE, OKLAHOMA
100,2015,CHARLOTTE, NORTH CAROLINA
101,2015,HOUSTON, TEXAS
102,2015,BALTIMORE, MARYLAND
103,2015,ROCKVILLE, MARYLAND
104,2015,HOUSTON, TEXAS
105,2015,DALLAS, TEXAS
106,2015,LITTLETON, COLORADO
107,2015,WASHINGTON, DISTRICT OF COLUMBIA
108,2015,HOUSTON, TEXAS
109,2015,LOUISVILLE, KENTUCKY
110,2015,ATLANTA, GEORGIA
111,2015,DALLAS, TEXAS
112,2015,DALLAS, TEXAS
113,2015,SCOTTSDALE, ARIZONA
114,2015,PRINCETON, NEW JERSEY
115,2015,DANBURY, CONNECTICUT
116,2015,WOONSOCKET, RHODE ISLAND
117,2015,STAMFORD, CONNECTICUT
118,2015,LOUISVILLE, KENTUCKY
119,2015,CHICAGO, ILLINOIS
120,2015,SCHENECTADY, NEW YORK
121,2015,NEW YORK, NEW YORK
122,2015,SEATTLE, WASHINGTON
123,2015,NORTH KANSAS CITY, MISSOURI
124,2015,ATLANTA, GEORGIA
125,2015,ATLANTA, GEORGIA
126,2015,CONCORD, CALIFORNIA
127,2015,SIOUX FALLS, SOUTH DAKOTA
128,2015,NORWALK, CONNECTICUT
129,2015,PHOENIX, ARIZONA
130,2015,FRESNO, CALIFORNIA
131,2015,MCLEAN, VIRGINIA
132,2015,JACKSONVILLE, FLORIDA
133,2015,JACKSONVILLE, FLORIDA
134,2015,PHOENIX, ARIZONA
135,2015,JACKSONVILLE, FLORIDA
136,2015,COLLEGEVILLE, PENNSYLVANIA
137,2015,WICKLIFFE, OHIO
138,2015,JERSEY CITY, NEW JERSEY
139,2015,REDWOOD CITY, CALIFORNIA
140,2015,BLOOMFIELD, CONNECTICUT
141,2015,SEATTLE, WASHINGTON
142,2015,WESTERVILLE, OHIO
143,2015,SEATTLE, WASHINGTON
144,2015,MALVERN, PENNSYLVANIA
145,2015,JEFFERSON CITY, MISSOURI
146,2015,SEATTLE, WASHINGTON
147,2015,REDMOND, WASHINGTON
148,2015,MALVERN, PENNSYLVANIA
149,2015,WOODLAND HILLS, CALIFORNIA
150,2015,WINDSOR, CONNECTICUT
151,2015,PHOENIX, ARIZONA
152,2015,DANBURY, CONNECTICUT
153,2015,BELLEVUE, WASHINGTON
154,2015,PHOENIX, ARIZONA
155,2015,CHICAGO, ILLINOIS
156,2015,BETHESDA, MARYLAND
157,2015,SAN FRANCISCO, CALIFORNIA
158,2015,WEST PLAINS, MISSOURI
159,2015,APOPKA, FLORIDA
160,2015,PRINCETON, NEW JERSEY
161,2015,HOPKINS, MINNESOTA
162,2015,WEST READING, PENNSYLVANIA
163,2015,HOUSTON, TEXAS
164,2015,RICHMOND, VIRGINIA
165,2015,PALO ALTO, CALIFORNIA
166,2015,PALO ALTO, CALIFORNIA
167,2015,BETHPAGE, NEW YORK
168,2015,IRVINE, CALIFORNIA
169,2015,DURANT, IOWA
170,2015,HOUSTON, TEXAS
171,2015,HOUSTON, TEXAS
172,2015,HOUSTON, TEXAS
173,2015,GROTON, CONNECTICUT
174,2015,SAN ANTONIO, TEXAS
175,2015,MCLEAN, VIRGINIA
176,2015,SAN ANTONIO, TEXAS
177,2015,SAN ANTONIO, TEXAS
178,2015,WARREN, NEW JERSEY
179,2015,OLDSMAR, FLORIDA
180,2015,NEW YORK, NEW YORK
181,2015,AUSTIN, TEXAS
182,2015,WARSAW, INDIANA
183,2015,HOUSTON, TEXAS
184,2015,WILMINGTON, DELAWARE
185,2015,TEMPE, ARIZONA
186,2015,BALTIMORE, MARYLAND
187,2015,PALO ALTO, CALIFORNIA
188,2015,PHOENIX, ARIZONA
189,2015,IRVING, TEXAS
190,2015,HOUSTON, TEXAS
191,2015,IRVING, TEXAS
192,2015,FRISCO, TEXAS
193,2015,IRVING, TEXAS
194,2015,RICHARDSON, TEXAS
195,2015,VIENNA, VIRGINIA
196,2015,PROVIDENCE, RHODE ISLAND
197,2015,PALO ALTO, CALIFORNIA
198,2015,LOUISVILLE, KENTUCKY
199,2015,NEW YORK, NEW YORK
200,2015,NAPERVILLE, ILLINOIS
201,2015,BLOOMINGTON, INDIANA
202,2015,NORWALK, CONNECTICUT
203,2015,NORWALK, CONNECTICUT
204,2015,BLOOMFIELD, CONNECTICUT
205,2015,BENSALEM, PENNSYLVANIA
206,2015,NORWALK, CONNECTICUT
207,2015,PHILADELPHIA, PENNSYLVANIA
208,2015,MALVERN, PENNSYLVANIA
209,2015,NEW YORK, NEW YORK
210,2015,FRAMINGHAM, MASSACHUSETTS
211,2015,EDEN PRAIRIE, MINNESOTA
212,2015,BLOOMINGTON, ILLINOIS
213,2015,GREENWOOD VILLAGE, COLORADO
214,2015,BENTONVILLE, ARKANSAS
215,2015,COLUMBUS, INDIANA
216,2015,BLOOMINGTON, ILLINOIS
217,2015,BLOOMINGTON, ILLINOIS
218,2015,MCLEAN, VIRGINIA
219,2015,LOUISVILLE, KENTUCKY
220,2015,PALO ALTO, CALIFORNIA
221,2015,DURHAM, NORTH CAROLINA
222,2015,REDWOOD SHORES, CALIFORNIA
223,2015,RESTON, VIRGINIA
224,2015,BARTLESVILLE, OKLAHOMA
225,2015,WASHINGTON, DISTRICT OF COLUMBIA
226,2015,BRENTWOOD, TENNESSEE
227,2015,RICHMOND, VIRGINIA
228,2015,MCLEAN, VIRGINIA
229,2015,GREENVILLE, SOUTH CAROLINA
230,2015,PORTSMOUTH, NEW HAMPSHIRE
231,2015,REDWOOD CITY, CALIFORNIA
232,2015,LITTLETON, COLORADO
233,2015,RESTON, VIRGINIA
234,2015,JACKSONVILLE, FLORIDA
235,2015,NEWARK, DELAWARE
236,2015,COLUMBUS, OHIO
237,2015,CHICAGO, ILLINOIS
238,2015,NEWARK, DELAWARE
239,2015,MURPHYSBORO, ILLINOIS
240,2015,NEW YORK, NEW YORK
241,2015,ALCOA, TENNESSEE
242,2015,STERLING, VIRGINIA
243,2015,FOSTER CITY, CALIFORNIA
244,2015,PALO ALTO, CALIFORNIA
245,2015,BROOKLYN PARK, MINNESOTA
246,2015,PALO ALTO, CALIFORNIA
247,2015,WEST DES MOINES, IOWA
248,2015,HILLSBORO, OREGON
249,2015,KANSAS CITY, KANSAS
250,2015,BALTIMORE, MARYLAND
251,2015,NEW YORK, NEW YORK
252,2015,REDMOND, WASHINGTON
253,2015,SANTA CLARA, CALIFORNIA
254,2015,2 MONTH, MAINE
255,2015,LOUISVILLE, KENTUCKY
256,2015,SEATTLE, WASHINGTON
257,2015,GRAND RAPIDS, MICHIGAN
258,2015,LITTLETON, COLORADO
259,2015,WAYNE, NEW JERSEY
260,2015,2 RAD, HAWAII
261,2015,SAN FRANCISCO, CALIFORNIA
262,2015,IRVING, TEXAS
263,2015,JACKSONVILLE, FLORIDA
264,2015,FAIRFIELD, IOWA
265,2015,LEXINGTON, KENTUCKY
266,2015,WAYNE, NEW JERSEY
267,2015,SAN MATEO, CALIFORNIA
268,2015,BALTIMORE, MARYLAND
269,2015,JERSEY CITY, NEW JERSEY
270,2015,DECATUR, ILLINOIS
271,2015,MENOMONEE FALLS, WISCONSIN
272,2015,LINCOLNSHIRE, ILLINOIS
273,2015,MCLEAN, VIRGINIA
274,2015,AUGUSTA, MAINE
275,2015,NEW YORK, NEW YORK
276,2015,VANCOUVER, WASHINGTON
277,2015,HERNDON, VIRGINIA
278,2015,CENTENNIAL, COLORADO
279,2015,SUWANEE, GEORGIA
280,2015,NEW YORK, NEW YORK
281,2015,BOSTON, MASSACHUSETTS
282,2015,PARSIPPANY, NEW JERSEY
283,2015,CUPERTINO, CALIFORNIA
284,2015,APPLE VALLEY, MINNESOTA
285,2015,PALO ALTO, CALIFORNIA
286,2015,BOTHELL, WASHINGTON
287,2015,MCLEAN, VIRGINIA
288,2015,RICHARDSON, TEXAS
289,2015,ROCKVILLE, MARYLAND
290,2015,HOUSTON, TEXAS
291,2015,BALTIMORE, MARYLAND
292,2015,SUNNYVALE, CALIFORNIA
293,2015,FORT WORTH, TEXAS
294,2015,NORTH PLATTE, NEBRASKA
295,2015,BOSTON, MASSACHUSETTS
296,2015,MIDLAND, TEXAS
297,2015,HOUSTON, TEXAS
298,2015,PLANO, TEXAS
299,2015,ROCKVILLE, MARYLAND
300,2015,ANN ARBOR, MICHIGAN
301,2015,ATLANTA, GEORGIA
302,2015,SAN MATEO, CALIFORNIA
303,2015,DALLAS, TEXAS
304,2015,RICHMOND, VIRGINIA
305,2015,NEW YORK, NEW YORK
306,2015,HOPKINS, SOUTH CAROLINA
307,2015,CHICAGO, ILLINOIS
308,2015,COLUMBIA, SOUTH CAROLINA
309,2015,BALTIMORE, MARYLAND
310,2015,LAWRENCEVILLE, GEORGIA
311,2015,DALLAS, TEXAS
312,2015,CUPERTINO, CALIFORNIA
313,2015,MELVILLE, NEW YORK
314,2015,BALTIMORE, MARYLAND
315,2015,ANN ARBOR, MICHIGAN
316,2015,LOS ANGELES, CALIFORNIA
317,2015,WASHINGTON, DISTRICT OF COLUMBIA
318,2015,REDMOND, WASHINGTON
319,2015,NEW YORK, NEW YORK
320,2015,WILMINGTON, DELAWARE
321,2015,SUNNYVALE, CALIFORNIA
322,2015,NEW YORK, NEW YORK
323,2015,CHICAGO, ILLINOIS
324,2015,NEW YORK, NEW YORK
325,2015,SEATTLE, WASHINGTON
326,2015,TULSA, OKLAHOMA
327,2015,TULSA, OKLAHOMA
328,2015,NEW YORK, NEW YORK
329,2015,REDMOND, WASHINGTON
330,2015,SEATTLE, WASHINGTON
331,2015,NEW ORLEANS, LOUISIANA
332,2015,DALLAS, TEXAS
333,2015,WEST CHESTER, PENNSYLVANIA
334,2015,SUNNYVALE, CALIFORNIA
335,2015,PULASKI, VIRGINIA
336,2015,SUNNYVALE, CALIFORNIA
337,2015,SANTA CLARA, CALIFORNIA
338,2015,KENNESAW, GEORGIA
339,2015,PALO ALTO, CALIFORNIA
340,2015,CALABASAS, CALIFORNIA
341,2015,MONTEREY PARK, CALIFORNIA
342,2015,TROY, MICHIGAN
343,2015,MILAN, ILLINOIS
344,2015,SANTA CLARA, CALIFORNIA
345,2015,CLARKSVILLE, TENNESSEE
346,2015,BOULDER, COLORADO
347,2015,LEBANON, NEW HAMPSHIRE
348,2015,SANTA BARBARA, CALIFORNIA
349,2015,MCLEAN, VIRGINIA
350,2015,NASHVILLE, TENNESSEE
351,2015,OVERLAND PARK, KANSAS
352,2015,LAKE ELSINORE, CALIFORNIA
353,2015,BOSTON, MASSACHUSETTS
354,2015,WASHINGTON, DISTRICT OF COLUMBIA
355,2015,FAIRFIELD, IOWA
356,2015,DALLAS, TEXAS
357,2015,SAN JOSE, CALIFORNIA
358,2015,NEW YORK, NEW YORK
359,2015,CHICAGO, ILLINOIS
360,2015,JERSEY CITY, NEW JERSEY
361,2015,COLUMBUS, OHIO
362,2015,DALLAS, TEXAS
363,2015,ST. LOUIS, MISSOURI
364,2015,PARSIPPANY, NEW JERSEY
365,2015,REDWOOD SHORES, CALIFORNIA
366,2015,NEW YORK, NEW YORK
367,2015,ODESSA, TEXAS
368,2015,CHICAGO, ILLINOIS
369,2015,EDISON, NEW JERSEY
370,2015,REDMOND, WASHINGTON
371,2015,WILMINGTON, CALIFORNIA
372,2015,SANTA CLARA, CALIFORNIA
373,2015,BELLEVUE, WASHINGTON
374,2015,NEW YORK, NEW YORK
375,2015,MORRISTOWN, NEW JERSEY
376,2015,REDMOND, WASHINGTON
377,2015,BUFFALO, NEW YORK
378,2015,SAN DIEGO, CALIFORNIA
379,2015,ATLANTA, GEORGIA
380,2015,ATLANTA, GEORGIA
381,2015,GAINESVILLE, FLORIDA
382,2015,ATLANTA, GEORGIA
383,2015,ATLANTA, GEORGIA
384,2015,ATLANTA, GEORGIA
385,2015,RAHWAY, NEW JERSEY
386,2015,SAN FRANCISCO, CALIFORNIA
387,2015,WALTHAM, MASSACHUSETTS
388,2015,MATAWAN, NEW JERSEY
389,2015,PALO ALTO, CALIFORNIA
390,2015,LAKE GENEVA, WISCONSIN
391,2015,CHARLOTTE, NORTH CAROLINA
392,2015,CHESTERBROOK, PENNSYLVANIA
393,2015,SCOTTSDALE, ARIZONA
394,2015,HOUSTON, TEXAS
395,2015,NEW YORK, NEW YORK
396,2015,TROY, MICHIGAN
397,2015,IRWINDALE, CALIFORNIA
398,2015,COLUMBUS, OHIO
399,2015,IRVINE, CALIFORNIA
400,2015,WARREN, NEW JERSEY
401,2015,PHOENIX, ARIZONA
402,2015,TROY, NEW YORK
403,2015,TUCSON, ARIZONA
404,2015,BALTIMORE, MARYLAND
405,2015,MCLEAN, VIRGINIA
406,2015,REDMOND, WASHINGTON
407,2015,NEW YORK, NEW YORK
408,2015,ATLANTA, GEORGIA
409,2015,FAIRFAX, VIRGINIA
410,2015,HOUSTON, TEXAS
411,2015,SUNNYVALE, CALIFORNIA
412,2015,CINCINNATI, OHIO
413,2015,BERWYN, PENNSYLVANIA
414,2015,NEW YORK, NEW YORK
415,2015,HILLSBORO, OREGON
416,2015,HOLTSVILLE, NEW YORK
417,2015,ALLEGAN, MICHIGAN
418,2015,CORNING, NEW YORK
419,2015,NEW YORK, NEW YORK
420,2015,NEW YORK, NEW YORK
421,2015,DALLAS, TEXAS
422,2015,NEW YORK, NEW YORK
423,2015,DALLAS, TEXAS
424,2015,ANN ARBOR, MICHIGAN
425,2015,BALTIMORE, MARYLAND
426,2015,HERCULES, CALIFORNIA
427,2015,SAN BRUNO, CALIFORNIA
428,2015,NEW YORK, NEW YORK
429,2015,SUNNYVALE, CALIFORNIA
430,2015,SUNNYVALE, CALIFORNIA
431,2015,NEW YORK, NEW YORK
432,2015,PATERSON, NEW JERSEY
433,2015,NEW CASTLE, DELAWARE
434,2015,NEW YORK, NEW YORK
435,2015,LA PALMA, CALIFORNIA
436,2015,EAST LANSING, MICHIGAN
437,2015,BASKING RIDGE, NEW JERSEY
438,2015,MECHANICSVILLE, VIRGINIA
439,2015,SEATTLE, WASHINGTON
440,2015,SAN FRANCISCO, CALIFORNIA
441,2015,SUNNYVALE, CALIFORNIA
442,2015,NEW YORK, NEW YORK
443,2015,BETHESDA, MARYLAND
444,2015,PALO ALTO, CALIFORNIA
445,2015,WICHITA, KANSAS
446,2015,SUNNYVALE, CALIFORNIA
447,2015,EDEN PRAIRIE, MINNESOTA
448,2015,SUNNYVALE, CALIFORNIA
449,2015,MAHWAH, NEW JERSEY
450,2015,PALO ALTO, CALIFORNIA
451,2015,PALO ALTO, CALIFORNIA
452,2015,PITTSBURGH, PENNSYLVANIA
453,2015,KENNESAW, GEORGIA
454,2015,SANTA CLARA, CALIFORNIA
455,2015,NEWARK, NEW JERSEY
456,2015,RICHMOND, VIRGINIA
457,2015,SEATTLE, WASHINGTON
458,2015,BOCA RATON, FLORIDA
459,2015,NEILLSVILLE, WISCONSIN
460,2015,ANCHORAGE, ALASKA
461,2015,MORRISVILLE, NORTH CAROLINA
462,2015,SAN FRANCISCO, CALIFORNIA
463,2015,VENTURA, CALIFORNIA
464,2015,PALO ALTO, CALIFORNIA
465,2015,FAIRBANKS, ALASKA
466,2015,EVERETT, WASHINGTON
467,2015,COLUMBUS, INDIANA
468,2015,CHARLOTTESVILLE, VIRGINIA
469,2015,GROTON, CONNECTICUT
470,2015,PISCATAWAY, NEW JERSEY
471,2015,ST. CHARLES, MISSOURI
472,2015,NEWARK, DELAWARE
473,2015,HOUSTON, TEXAS
474,2015,JERSEY CITY, NEW JERSEY
475,2015,SOUTH SAN FRANCISCO, CALIFORNIA
476,2015,EVERETT, WASHINGTON
477,2015,URBANA, ILLINOIS
478,2015,COLUMBUS, OHIO
479,2015,REDMOND, WASHINGTON
480,2015,WASHINGTON, DISTRICT OF COLUMBIA
481,2015,AUSTIN, TEXAS
482,2015,COLUMBUS, OHIO
483,2015,ATHENS, GEORGIA
484,2015,FREMONT, CALIFORNIA
485,2015,SAN JOSE, CALIFORNIA
486,2015,PALO ALTO, CALIFORNIA
487,2015,SAN FRANCISCO, CALIFORNIA
488,2015,CAMBRIDGE, MASSACHUSETTS
489,2015,REDWOOD SHORES, CALIFORNIA
490,2015,NEW YORK, NEW YORK
491,2015,RESTON, VIRGINIA
492,2015,PITTSBURGH, PENNSYLVANIA
493,2015,CHICAGO, ILLINOIS
494,2015,AURORA, COLORADO
495,2015,BOSTON, MASSACHUSETTS
496,2015,NEW YORK, NEW YORK
497,2015,FAIRPORT, NEW YORK
498,2015,SUNNYVALE, CALIFORNIA
499,2015,IRVING, TEXAS
500,2015,CHANDLER, ARIZONA
501,2015,NEW YORK, NEW YORK
502,2015,TALLAHASSEE, FLORIDA
503,2015,BELLEVUE, WASHINGTON
504,2015,LA PALMA, CALIFORNIA
505,2015,LA PALMA, CALIFORNIA
506,2015,LA PALMA, CALIFORNIA
507,2015,LA PALMA, CALIFORNIA
508,2015,ORLANDO, FLORIDA
509,2015,LA PALMA, CALIFORNIA
510,2015,WHITE PLAINS, NEW YORK
511,2015,URBANA, ILLINOIS
512,2015,LA PALMA, CALIFORNIA
513,2015,BELLEVUE, WASHINGTON
514,2015,CHELSEA, MICHIGAN
515,2015,NEW ORLEANS, LOUISIANA
516,2015,HERNDON, VIRGINIA
517,2015,CINCINNATI, OHIO
518,2015,ATLANTA, GEORGIA
519,2015,NEW YORK, NEW YORK
520,2015,HERNDON, VIRGINIA
521,2015,PHILADELPHIA, PENNSYLVANIA
522,2015,REDWOOD CITY, CALIFORNIA
523,2015,NORTH ANDOVER, MASSACHUSETTS
524,2015,PALO ALTO, CALIFORNIA
525,2015,FRAMINGHAM, MASSACHUSETTS
526,2015,REDMOND, WASHINGTON
527,2015,DUBLIN, OHIO
528,2015,CHICAGO, ILLINOIS
529,2015,GRAND RAPIDS, MICHIGAN
530,2015,ROCKVILLE, MARYLAND
531,2015,CORAL GABLES, FLORIDA
532,2015,RESTON, VIRGINIA
533,2015,HUNTINGTON, WEST VIRGINIA
534,2015,RESTON, VIRGINIA
535,2015,HOUSTON, TEXAS
536,2015,LUBBOCK, TEXAS
537,2015,MCLEAN, VIRGINIA
538,2015,ANN ARBOR, MICHIGAN
539,2015,CAMBRIDGE, MASSACHUSETTS
540,2015,ALLEGAN, MICHIGAN
541,2015,CHICAGO, ILLINOIS
542,2015,NEW YORK, NEW YORK
543,2015,PHILADELPHIA, PENNSYLVANIA
544,2015,ANN ARBOR, MICHIGAN
545,2015,ENGLEWOOD, COLORADO
546,2015,CHANDLER, ARIZONA
547,2015,RESEARCH TRIANGLE PARK, NORTH CAROLINA
548,2015,DAVIS, CALIFORNIA
549,2015,MILAN, ILLINOIS
550,2015,PALO ALTO, CALIFORNIA
551,2015,LEBANON, NEW HAMPSHIRE
552,2015,DAVIS, CALIFORNIA
553,2015,MINNEAPOLIS, MINNESOTA
554,2015,REDMOND, WASHINGTON
555,2015,OAK BROOK, ILLINOIS
556,2015,PHILADELPHIA, PENNSYLVANIA
557,2015,HOUSTON, TEXAS
558,2015,ATHENS, GEORGIA
559,2015,AUSTIN, TEXAS
560,2015,PHOENIX, ARIZONA
561,2015,BALTIMORE, MARYLAND
562,2015,LA PALMA, CALIFORNIA
563,2015,LA PALMA, CALIFORNIA
564,2015,WASHINGTON, DISTRICT OF COLUMBIA
565,2015,LA PALMA, CALIFORNIA
566,2015,HOLLAND, MICHIGAN
567,2015,LA PALMA, CALIFORNIA
568,2015,CARROLLTON, TEXAS
569,2015,LA PALMA, CALIFORNIA
570,2015,SANTA ANA, CALIFORNIA
571,2015,NEW YORK, NEW YORK
572,2015,CHICAGO, ILLINOIS
573,2015,BOSTON, MASSACHUSETTS
574,2015,HOUSTON, TEXAS
575,2015,PALO ALTO, CALIFORNIA
576,2015,BOSTON, MASSACHUSETTS
577,2015,WEST CHESTER, PENNSYLVANIA
578,2015,COLLEGE STATION, TEXAS
579,2015,ATLANTA, GEORGIA
580,2015,BEAVERTON, OREGON
581,2015,INDIANAPOLIS, INDIANA
582,2015,CHICAGO, ILLINOIS
583,2015,SAN DIEGO, CALIFORNIA
584,2015,LADSON, SOUTH CAROLINA
585,2015,BOSTON, MASSACHUSETTS
586,2015,PHILADELPHIA, PENNSYLVANIA
587,2015,INDIANAPOLIS, INDIANA
588,2015,WINDSOR, CONNECTICUT
589,2015,EAST LANSING, MICHIGAN
590,2015,WASHINGTON, DISTRICT OF COLUMBIA
591,2015,DENTON, TEXAS
592,2015,SAGINAW, MICHIGAN
593,2015,SANTA CLARA, CALIFORNIA
594,2015,NEW YORK, NEW YORK
595,2015,SAN ANTONIO, TEXAS
596,2015,HOUSTON, TEXAS
597,2015,ORANGEBURG, NEW YORK
598,2015,ADRIAN, MICHIGAN
599,2015,IOWA CITY, IOWA
600,2015,CHARLOTTE, NORTH CAROLINA
601,2015,BOSTON, MASSACHUSETTS
602,2015,CHICAGO, ILLINOIS
603,2015,MEMPHIS, TENNESSEE
604,2015,PISCATAWAY, NEW JERSEY
605,2015,BOULDER, COLORADO
606,2015,BOSTON, MASSACHUSETTS
607,2015,COLUMBUS, INDIANA
608,2015,SAN JOSE, CALIFORNIA
609,2015,SAN LEANDRO, CALIFORNIA
610,2015,HOLLYWOOD, CALIFORNIA
611,2015,TROY, MICHIGAN
612,2015,NORCROSS, GEORGIA
613,2015,SEATTLE, WASHINGTON
614,2015,ANN ARBOR, MICHIGAN
615,2015,BRONX, NEW YORK
616,2015,REDMOND, WASHINGTON
617,2015,REDMOND, WASHINGTON
618,2015,SOUTHFIELD, MICHIGAN
619,2015,HOUSTON, TEXAS
620,2015,CARLSBAD, CALIFORNIA
621,2015,TAMPA, FLORIDA
622,2015,JERSEY CITY, NEW JERSEY
623,2015,NEW YORK, NEW YORK
624,2015,HOUSTON, TEXAS
625,2015,NEW YORK, NEW YORK
626,2015,JERSEY CITY, NEW JERSEY
627,2015,BALTIMORE, MARYLAND
628,2015,WASHINGTON, DISTRICT OF COLUMBIA
629,2015,ALLENTOWN, PENNSYLVANIA
630,2015,REDMOND, WASHINGTON
631,2015,REDWOOD SHORES, CALIFORNIA
632,2015,SAN DIEGO, CALIFORNIA
633,2015,NEW YORK, NEW YORK
634,2015,MASPETH, NEW YORK
635,2015,HILLSBORO, OREGON
636,2015,HUDSON, MASSACHUSETTS
637,2015,MEMPHIS, TENNESSEE
638,2015,MOUNTAIN VIEW, CALIFORNIA
639,2015,FOLSOM, CALIFORNIA
640,2015,HOUSTON, TEXAS
641,2015,RICHLAND, WASHINGTON
642,2015,NEW YORK, NEW YORK
643,2015,SAN JOSE, CALIFORNIA
644,2015,SAN JOSE, CALIFORNIA
645,2015,BROOKLYN, NEW YORK
646,2015,WASHINGTON, DISTRICT OF COLUMBIA
647,2015,BOSTON, MASSACHUSETTS
648,2015,STERLING, VIRGINIA
649,2015,TORRANCE, CALIFORNIA
650,2015,PLEASANTON, CALIFORNIA
651,2015,BLOOMINGTON, ILLINOIS
652,2015,CENTRAL POINT, OREGON
653,2015,HOUGHTON LAKE, MICHIGAN
654,2015,MCKEESPORT, PENNSYLVANIA
655,2015,HOUSTON, TEXAS
656,2015,MOUNTAIN VIEW, CALIFORNIA
657,2015,MORGANTOWN, WEST VIRGINIA
658,2015,REDMOND, WASHINGTON
659,2015,HOFFMAN ESTATES, ILLINOIS
660,2015,GAITHERSBURG, MARYLAND
661,2015,SEATTLE, WASHINGTON
662,2015,BOSTON, MASSACHUSETTS
663,2015,CHICAGO, ILLINOIS
664,2015,ISSAQUAH, WASHINGTON
665,2015,SCHAUMBURG, ILLINOIS
666,2015,KANSAS CITY, KANSAS
667,2015,HOUSTON, TEXAS
668,2015,COLUMBUS, INDIANA
669,2015,SAN DIEGO, CALIFORNIA
670,2015,CORVALLIS, OREGON
671,2015,ST. LOUIS, MISSOURI
672,2015,NEW YORK, NEW YORK
673,2015,SAN FRANCISCO, CALIFORNIA
674,2015,IRVING, TEXAS
675,2015,MILWAUKEE, WISCONSIN
676,2015,ATLANTA, GEORGIA
677,2015,OAK BROOK, ILLINOIS
678,2015,ANN ARBOR, MICHIGAN
679,2015,BOSTON, MASSACHUSETTS
680,2015,REDMOND, WASHINGTON
681,2015,SUNNYVALE, CALIFORNIA
682,2015,REDMOND, WASHINGTON
683,2015,MOON TOWNSHIP, PENNSYLVANIA
684,2015,CHARLOTTE, NORTH CAROLINA
685,2015,CAMPBELL, CALIFORNIA
686,2015,NEWARK, DELAWARE
687,2015,LIVINGSTON, LOUISIANA
688,2015,REDMOND, WASHINGTON
689,2015,NEW YORK, NEW YORK
690,2015,WOODCLIFF LAKE, NEW JERSEY
691,2015,CHICAGO, ILLINOIS
692,2015,WATERTOWN, MASSACHUSETTS
693,2015,NEW YORK, NEW YORK
694,2015,OMAHA, NEBRASKA
695,2015,SAN FRANCISCO, CALIFORNIA
696,2015,SEATTLE, WASHINGTON
697,2015,NEW YORK, NEW YORK
698,2015,JERSEY CITY, NEW JERSEY
699,2015,BEDFORD, MASSACHUSETTS
700,2015,REDMOND, WASHINGTON
701,2015,ALPHARETTA, GEORGIA
702,2015,CHICAGO, ILLINOIS
703,2015,RENSSELAER, NEW YORK
704,2015,BELLEVUE, WASHINGTON
705,2015,FAIRFAX, VIRGINIA
706,2015,HOLLAND, MICHIGAN
707,2015,EL PASO, TEXAS
708,2015,IRVINE, CALIFORNIA
709,2015,SAN FRANCISCO, CALIFORNIA
710,2015,GREENSBORO, NORTH CAROLINA
711,2015,INDIANAPOLIS, INDIANA
712,2015,GLEN ALLEN, VIRGINIA
713,2015,MATAWAN, NEW JERSEY
714,2015,OMAHA, NEBRASKA
715,2015,CHICAGO, ILLINOIS
716,2015,FARMINGTON, MICHIGAN
717,2015,SEATTLE, WASHINGTON
718,2015,SCOTTSDALE, ARIZONA
719,2015,MARINA DEL REY, CALIFORNIA
720,2015,HOUSTON, TEXAS
721,2015,REDMOND, WASHINGTON
722,2015,HOUSTON, TEXAS
723,2015,NEW YORK, NEW YORK
724,2015,GOLDEN VALLEY, MINNESOTA
725,2015,SAN DIEGO, CALIFORNIA
726,2015,BETHESDA, MARYLAND
727,2015,BELLEVUE, WASHINGTON
728,2015,SUNNYVALE, CALIFORNIA
729,2015,BOSTON, MASSACHUSETTS
730,2015,HOMER, MICHIGAN
731,2015,MADISON, WISCONSIN
732,2015,BOSTON, MASSACHUSETTS
733,2015,AUSTIN, TEXAS
734,2015,PHILADELPHIA, PENNSYLVANIA
735,2015,COLUMBUS, INDIANA
736,2015,LA JOLLA, CALIFORNIA
737,2015,SANTA CLARA, CALIFORNIA
738,2015,PLANO, TEXAS
739,2015,CORONA, CALIFORNIA
740,2015,ANN ARBOR, MICHIGAN
741,2015,URBANA, ILLINOIS
742,2015,CHARLOTTE, NORTH CAROLINA
743,2015,REDMOND, WASHINGTON
744,2015,DALLAS, TEXAS
745,2015,ALBUQUERQUE, NEW MEXICO
746,2015,RENO, NEVADA
747,2015,REDMOND, WASHINGTON
748,2015,OLD TAPPAN, NEW JERSEY
749,2015,HILLSBORO, OREGON
750,2015,ROCKVILLE, MARYLAND
751,2015,DOYLESTOWN, PENNSYLVANIA
752,2015,YORKTOWN HEIGHTS, NEW YORK
753,2015,PRINCETON, NEW JERSEY
754,2015,MOUNTAIN VIEW, CALIFORNIA
755,2015,COLUMBUS, INDIANA
756,2015,PRINCETON, ILLINOIS
757,2015,PHILADELPHIA, PENNSYLVANIA
758,2015,NEW YORK, NEW YORK
759,2015,BALTIMORE, MARYLAND
760,2015,CHARLOTTE, NORTH CAROLINA
761,2015,LUBBOCK, TEXAS
762,2015,INDIANAPOLIS, INDIANA
763,2015,ATHENS, GEORGIA
764,2015,JACKSON, MICHIGAN
765,2015,NEW YORK, NEW YORK
766,2015,COLUMBUS, OHIO
767,2015,WILMINGTON, DELAWARE
768,2015,PORTSMOUTH, NEW HAMPSHIRE
769,2015,TUCSON, ARIZONA
770,2015,ST. LOUIS, MISSOURI
771,2015,WASHINGTON, DISTRICT OF COLUMBIA
772,2015,RICHARDSON, TEXAS
773,2015,FORT LAUDERDALE, FLORIDA
774,2015,DOWNERS GROVE, ILLINOIS
775,2015,NEW YORK, NEW YORK
776,2015,PITTSBURGH, PENNSYLVANIA
777,2015,FOREST HILLS, NEW YORK
778,2015,NEW YORK, NEW YORK
779,2015,MEMPHIS, TENNESSEE
780,2015,ROCHESTER, NEW YORK
781,2015,NEW YORK, NEW YORK
782,2015,COLUMBUS, INDIANA
783,2015,MCLEAN, VIRGINIA
784,2015,CHICAGO, ILLINOIS
785,2015,TRACY, CALIFORNIA
786,2015,GERMANTOWN, MARYLAND
787,2015,IRVINE, CALIFORNIA
788,2015,COLUMBUS, INDIANA
789,2015,COLUMBUS, INDIANA
790,2015,WALTON, KENTUCKY
791,2015,BRIDGEWATER, NEW JERSEY
792,2015,SUNNYVALE, CALIFORNIA
793,2015,MELVILLE, NEW YORK
794,2015,LOS ANGELES, CALIFORNIA
795,2015,COLUMBUS, INDIANA
796,2015,KNOXVILLE, TENNESSEE
797,2015,COLUMBUS, INDIANA
798,2015,FRIDLEY, MINNESOTA
799,2015,SAN JOSE, CALIFORNIA
800,2015,ROUND ROCK, TEXAS
801,2015,SAN JOSE, CALIFORNIA
802,2015,KENNESAW, GEORGIA
803,2015,SEATTLE, WASHINGTON
804,2015,BIRMINGHAM, ALABAMA
805,2015,EVERGREEN PARK, ILLINOIS
806,2015,NEW YORK, NEW YORK
807,2015,COLLEGE PARK, MARYLAND
808,2015,HOUSTON, TEXAS
809,2015,NEW YORK, NEW YORK
810,2015,SANTA MONICA, CALIFORNIA
811,2015,ST. LOUIS, MISSOURI
812,2015,ODESSA, TEXAS
813,2015,TEMPE, ARIZONA
814,2015,PARK RIDGE, NEW JERSEY
815,2015,MIAMI, FLORIDA
816,2015,REDMOND, WASHINGTON
817,2015,SAN DIEGO, CALIFORNIA
818,2015,NEW BRUNSWICK, NEW JERSEY
819,2015,NEW YORK, NEW YORK
820,2015,SUNNYVALE, CALIFORNIA
821,2015,SARATOGA SPRINGS, NEW YORK
822,2015,PALO ALTO, CALIFORNIA
823,2015,REDMOND, WASHINGTON
824,2015,SEATTLE, WASHINGTON
825,2015,BOSTON, MASSACHUSETTS
826,2015,DALLAS, TEXAS
827,2015,SUNNYVALE, CALIFORNIA
828,2015,DALLAS, TEXAS
829,2015,TUSCALOOSA, ALABAMA
830,2015,ATLANTA, GEORGIA
831,2015,MIAMI, FLORIDA
832,2015,CAMBRIDGE, MASSACHUSETTS
833,2015,BOSTON, MASSACHUSETTS
834,2015,HOUSTON, TEXAS
835,2015,PHILADELPHIA, PENNSYLVANIA
836,2015,MIAMI, FLORIDA
837,2015,HOUSTON, TEXAS
838,2015,SAN MATEO, CALIFORNIA
839,2015,DALLAS, TEXAS
840,2015,CEDAR RAPIDS, IOWA
841,2015,MCLEAN, VIRGINIA
842,2015,EDEN PRAIRIE, MINNESOTA
843,2015,NEW YORK, NEW YORK
844,2015,REDWOOD SHORES, CALIFORNIA
845,2015,PISCATAWAY, NEW JERSEY
846,2015,CHARLOTTE, NORTH CAROLINA
847,2015,BROOKLYN, NEW YORK
848,2015,NEW YORK, NEW YORK
849,2015,NEW YORK, NEW YORK
850,2015,ATLANTIS, FLORIDA
851,2015,SANTA CLARA, CALIFORNIA
852,2015,MOUNTAIN VIEW, CALIFORNIA
853,2015,BOSTON, MASSACHUSETTS
854,2015,REDWOOD CITY, CALIFORNIA
855,2015,NEW YORK, NEW YORK
856,2015,RENO, NEVADA
857,2015,COLUMBUS, OHIO
858,2015,BINGHAM FARMS, MICHIGAN
859,2015,LA JOLLA, CALIFORNIA
860,2015,COLUMBUS, INDIANA
861,2015,BLOOMINGTON, ILLINOIS
862,2015,FRANKLIN, TENNESSEE
863,2015,SANTA CLARA, CALIFORNIA
864,2015,OAKLAND, CALIFORNIA
865,2015,BELLEVUE, WASHINGTON
866,2015,FREEPORT, TEXAS
867,2015,RICHMOND HEIGHTS, MISSOURI
868,2015,AUSTIN, TEXAS
869,2015,BINGHAMTON, NEW YORK
870,2015,CARMEL, INDIANA
871,2015,REDMOND, WASHINGTON
872,2015,ELKVIEW, WEST VIRGINIA
873,2015,REDMOND, WASHINGTON
874,2015,PALO ALTO, CALIFORNIA
875,2015,PALO ALTO, CALIFORNIA
876,2015,HOUSTON, TEXAS
877,2015,REDMOND, WASHINGTON
878,2015,PORTLAND, OREGON
879,2015,MIAMI, FLORIDA
880,2015,HOBOKEN, NEW JERSEY
881,2015,PALO ALTO, CALIFORNIA
882,2015,GAINESVILLE, FLORIDA
883,2015,THOMASVILLE, GEORGIA
884,2015,NORTH KANSAS CITY, MISSOURI
885,2015,MEMPHIS, TENNESSEE
886,2015,SAN DIEGO, CALIFORNIA
887,2015,ALLENTOWN, PENNSYLVANIA
888,2015,BOULDER, COLORADO
889,2015,NEW YORK, NEW YORK
890,2015,REDMOND, WASHINGTON
891,2015,NEW YORK, NEW YORK
892,2015,NEW YORK, NEW YORK
893,2015,LINCOLN, NEBRASKA
894,2015,PALO ALTO, CALIFORNIA
895,2015,IRVINE, CALIFORNIA
896,2015,URBANDALE, IOWA
897,2015,GAINESVILLE, FLORIDA
898,2015,DALLAS, TEXAS
899,2015,BOSTON, MASSACHUSETTS
900,2015,STAMFORD, CONNECTICUT
901,2015,SAN RAMON, CALIFORNIA
902,2015,COLUMBUS, INDIANA
903,2015,BALTIMORE, MARYLAND
904,2015,SAN JOSE, CALIFORNIA
905,2015,FARGO, NORTH DAKOTA
906,2015,NEW YORK, NEW YORK
907,2015,COPPELL, TEXAS
908,2015,SAN MATEO, CALIFORNIA
909,2015,TEANECK, NEW JERSEY
910,2015,NOVI, MICHIGAN
911,2015,NEW YORK, NEW YORK
912,2015,BOTHELL, WASHINGTON
913,2015,SAN MATEO, CALIFORNIA
914,2015,SEATTLE, WASHINGTON
915,2015,BOSTON, MASSACHUSETTS
916,2015,FORT WAYNE, INDIANA
917,2015,DULLES, VIRGINIA
918,2015,PLANO, TEXAS
919,2015,NEW YORK, NEW YORK
920,2015,HERNDON, VIRGINIA
921,2015,GOLDEN, COLORADO
922,2015,BALTIMORE, MARYLAND
923,2015,JUPITER, FLORIDA
924,2015,CHICAGO, ILLINOIS
925,2015,PRINCETON, NEW JERSEY
926,2015,NEW YORK, NEW YORK
927,2015,AUSTIN, TEXAS
928,2015,IOWA CITY, IOWA
929,2015,GOLETA, CALIFORNIA
930,2015,REDMOND, WASHINGTON
931,2015,NEW YORK, NEW YORK
932,2015,GOLETA, CALIFORNIA
933,2015,SAN MARCOS, TEXAS
934,2015,FREMONT, CALIFORNIA
935,2015,DUARTE, CALIFORNIA
936,2015,BOSTON, MASSACHUSETTS
937,2015,NEW YORK, NEW YORK
938,2015,WELDON SPRING, MISSOURI
939,2015,NEW YORK, NEW YORK
940,2015,NEW YORK, NEW YORK
941,2015,ROCKVILLE, MARYLAND
942,2015,NEW YORK, NEW YORK
943,2015,ANN ARBOR, MICHIGAN
944,2015,HOUSTON, TEXAS
945,2015,NEW YORK CITY, NEW YORK
946,2015,BALTIMORE, MARYLAND
947,2015,MILPITAS, CALIFORNIA
948,2015,NEW YORK, NEW YORK
949,2015,BELLEVUE, WASHINGTON
950,2015,HOUSTON, TEXAS
951,2015,HOUSTON, TEXAS
952,2015,TROY, MICHIGAN
953,2015,BOULDER, COLORADO
954,2015,RALEIGH, NORTH CAROLINA
955,2015,MORRISVILLE, NORTH CAROLINA
956,2015,LIVONIA, MICHIGAN
957,2015,SALT LAKE CITY, UTAH
958,2015,GRAND JUNCTION, COLORADO
959,2015,PULLMAN, WASHINGTON
960,2015,ATHENS, GEORGIA
961,2015,MOUNTAIN VIEW, CALIFORNIA
962,2015,NEW YORK, NEW YORK
963,2015,ST. CHARLES, ILLINOIS
964,2015,CEDAR RAPIDS, IOWA
965,2015,MAYWOOD, ILLINOIS
966,2015,TALLAHASSEE, FLORIDA
967,2015,SAN JOSE, CALIFORNIA
968,2015,MOUNTAIN VIEW, CALIFORNIA
969,2015,DURHAM, NEW HAMPSHIRE
970,2015,BOSTON, MASSACHUSETTS
971,2015,SANTA CLARA, CALIFORNIA
972,2015,OKEMOS, MICHIGAN
973,2015,SAN DIEGO, CALIFORNIA
974,2015,SANTA CLARA, CALIFORNIA
975,2015,MANSFIELD, TEXAS
976,2015,MOUNTAIN VIEW, CALIFORNIA
977,2015,PITTSBURGH, PENNSYLVANIA
978,2015,SANTA CLARA, CALIFORNIA
979,2015,MILWAUKEE, WISCONSIN
980,2015,LIVONIA, MICHIGAN
981,2015,NEW YORK, NEW YORK
982,2015,SAN FRANCISCO, CALIFORNIA
983,2015,BATON ROUGE, LOUISIANA
984,2015,DALLAS, TEXAS
985,2015,COLORADO SPRINGS, COLORADO
986,2015,REDWOOD SHORES, CALIFORNIA
987,2015,KANSAS CITY, KANSAS
988,2015,NEW YORK, NEW YORK
989,2015,CULVER CITY, CALIFORNIA
990,2015,BEDFORD, MASSACHUSETTS
991,2015,COLLEGE PARK, MARYLAND
992,2015,CHARLOTTE, NORTH CAROLINA
993,2015,NEW YORK, NEW YORK
994,2015,NEW YORK, NEW YORK
995,2015,HOPKINTON, MASSACHUSETTS
996,2015,REDMOND, WASHINGTON
997,2015,NEW YORK, NEW YORK
998,2015,NEW YORK, NEW YORK
999,2015,AUSTIN, TEXAS
1000,2015,NEW YORK, NEW YORK